{
    "accuracy": 0.9233089185695821,
    "precision": 0.939873417721519,
    "recall": 0.9031277150304083,
    "f1": 0.9211342490031015,
    "roc_auc": 0.9231450540964007
}