{
    "accuracy": 0.09589401837108036,
    "precision": 0.004494195161828037,
    "recall": 0.20622755184425534,
    "f1": 0.1443969769712289,
    "roc_auc": 0.09680886365357742,
    "fold": 1.5811388300841898
}