{
    "accuracy": 0.8762186910853756,
    "precision": 0.9373622862943407,
    "recall": 0.8038140768748514,
    "f1": 0.8519706075408952,
    "roc_auc": 0.8756221891635331,
    "fold": 2.0
}