{
    "accuracy": 0.006531870424412542,
    "precision": 0.005504310810413,
    "recall": 0.012037884836650447,
    "f1": 0.007062168733993282,
    "roc_auc": 0.004461427348618902,
    "fold": 1.5811388300841898
}