{
    "accuracy": 0.9171020737947752,
    "precision": 0.9295420782375313,
    "recall": 0.9011518311638449,
    "f1": 0.9150915594675005,
    "roc_auc": 0.9721907567317472,
    "fold": 2.0
}