,Class,Count,Proportion
0,suicide,2363,0.509047824213701
1,non-suicide,2279,0.490952175786299
