{
    "loss": 0.018367651276734197,
    "accuracy": 0.008555860041825935,
    "precision": 0.014700093429460138,
    "recall": 0.012321051858114659,
    "f1": 0.008052151574360468,
    "roc_auc": 0.0052598087214441435,
    "runtime": 0.2251119876861293,
    "samples_per_second": 103.66996202227531,
    "steps_per_second": 3.2665254017074483,
    "epoch": 0.0,
    "fold": 1.5811388300841898
}