{
    "loss": 0.280722564458847,
    "accuracy": 0.8935631564772422,
    "precision": 0.877041654026361,
    "recall": 0.9137514368400783,
    "f1": 0.8949125135948339,
    "roc_auc": 0.9589503088743407,
    "runtime": 2.76428,
    "samples_per_second": 1349.9538,
    "steps_per_second": 42.5382,
    "epoch": 3.0,
    "fold": 2.0
}