{
    "accuracy": 0.9237397673416631,
    "precision": 0.9348214285714286,
    "recall": 0.9096437880104257,
    "f1": 0.9220607661822986,
    "roc_auc": 0.9751556617434115
}