{
    "loss": 0.0175985853863378,
    "accuracy": 0.007467126200303569,
    "precision": 0.013753973424160593,
    "recall": 0.012123199631647059,
    "f1": 0.006996915354880559,
    "roc_auc": 0.005330268860362568,
    "runtime": 0.6539508505996457,
    "samples_per_second": 184.18320298414838,
    "steps_per_second": 5.80355625457357,
    "epoch": 0.0,
    "fold": 1.5811388300841898
}