{
    "loss": 0.2812273919582367,
    "accuracy": 0.8928629140856451,
    "precision": 0.8763137457821826,
    "recall": 0.9130999710420327,
    "f1": 0.8942216416129736,
    "roc_auc": 0.9590061355354595,
    "runtime": 3.2959999999999994,
    "samples_per_second": 1155.6920000000002,
    "steps_per_second": 36.4168,
    "epoch": 3.0,
    "fold": 2.0
}