{
    "accuracy": 0.9105988797931925,
    "precision": 0.8992805755395683,
    "recall": 0.923110338835795,
    "f1": 0.9110396570203644,
    "roc_auc": 0.9684458701834896
}