,Class,Count,Proportion
0,suicide,2212,0.4765187419215855
1,non-suicide,2430,0.5234812580784145
