,Class,Count,Proportion
0,suicide,2233,0.48104265402843605
1,non-suicide,2409,0.518957345971564
