{
    "accuracy": 0.9330604330496607,
    "precision": 0.94044175650802,
    "recall": 0.9246778989098117,
    "f1": 0.9324932102118414,
    "roc_auc": 0.9808220988472868
}