{
    "accuracy": 0.0015948063135037072,
    "precision": 0.0010264440720435446,
    "recall": 0.0024492065812638645,
    "f1": 0.0016623667277084852,
    "roc_auc": NaN,
    "fold": 1.5811388300841898
}