{
    "accuracy": 0.9329954343834647,
    "precision": 0.9401932969931049,
    "recall": 0.9248195626413874,
    "f1": 0.9324423577926794,
    "roc_auc": NaN,
    "fold": 2.0
}