,Class,Count,Proportion
0,suicide,2240,0.4825506247307195
1,non-suicide,2402,0.5174493752692805
