{
    "accuracy": 0.005246636072927047,
    "precision": 0.004621491026772373,
    "recall": 0.006447710770661551,
    "f1": 0.005460156796438615,
    "roc_auc": 0.005258623883834066,
    "fold": 1.5811388300841898
}