{
    "accuracy": 0.930245084837059,
    "precision": 0.9431865879499737,
    "recall": 0.9144027257055335,
    "f1": 0.9285697976283677,
    "roc_auc": 0.9301154884860265,
    "fold": 2.0
}