{
    "accuracy": 0.9286945282205946,
    "precision": 0.9413345275414241,
    "recall": 0.9131190269331017,
    "f1": 0.9270121278941565,
    "roc_auc": 0.9285680604750978
}